object_id,model,params,back_step,feature_set,test_set,preds,errors,rmse,mape
1_1_16_8,LightGBM,"{""boosting_type"": ""gbdt"", ""objective"": ""regression"", ""metric"": [""l2"", ""l1""], ""learning_rate"": 0.05, ""feature_fraction"": 0.9, ""bagging_fraction"": 0.8, ""bagging_freq"": 5, ""verbose"": -1}",4.0,"[""lag_28"", ""rmean_28_7"", ""rmean_28_28"", ""weekday"", ""weekofyear"", ""month"", ""quarter"", ""year""]","[54.0, 63.0, 72.0, 51.0, 43.0, 43.0, 48.0, 55.0, 41.0, 29.0, 30.0, 38.0]","[47.08848095661382, 52.01116563532385, 59.856522412488076, 59.856522412488076, 42.16918366913391, 13.622565282225075, 19.452711028148865, 28.23134066282576, 14.586436458282963, 20.62997015649271, 19.73403728706478, 38.45228112178814]","{""RMSE"": 17.517900266610592, ""MAPE"": Infinity, ""SMAPE"": 0.20571694466362117, ""MAE"": 14.006671123051584, ""MD"": -12.784517077302107}",17.517900266610592,inf
1_1_16_8,LightGBM,"{""boosting_type"": ""gbdt"", ""objective"": ""regression"", ""metric"": [""l2"", ""l1""], ""learning_rate"": 0.05, ""feature_fraction"": 0.9, ""bagging_fraction"": 0.8, ""bagging_freq"": 5, ""verbose"": -1}",4.0,"[""sintomas covid"", ""lag_28"", ""rmean_28_7"", ""rmean_28_28"", ""weekday"", ""weekofyear"", ""month"", ""quarter"", ""year""]","[54.0, 63.0, 72.0, 51.0, 43.0, 43.0, 48.0, 55.0, 41.0, 29.0, 30.0, 38.0]","[37.95201832233374, 74.84491416936531, 66.87151736767808, 64.44908034316967, 53.21557647963716, 19.727402561864288, 21.00978826012115, 30.655412230319392, 26.045452421212516, 36.62699705529234, 34.16101742467651, 55.3516751754901]","{""RMSE"": 19.19505179964813, ""MAPE"": Infinity, ""SMAPE"": 0.21385581812031662, ""MAE"": 15.1936002099447, ""MD"": -10.358594482897466}",19.19505179964813,inf
1_1_16_8,LightGBM,"{""boosting_type"": ""gbdt"", ""objective"": ""regression"", ""metric"": [""l2"", ""l1""], ""learning_rate"": 0.05, ""feature_fraction"": 0.9, ""bagging_fraction"": 0.8, ""bagging_freq"": 5, ""verbose"": -1}",4.0,"[""sintomas covid"", ""trabajos"", ""lag_28"", ""rmean_28_7"", ""rmean_28_28"", ""weekday"", ""weekofyear"", ""month"", ""quarter"", ""year""]","[54.0, 63.0, 72.0, 51.0, 43.0, 43.0, 48.0, 55.0, 41.0, 29.0, 30.0, 38.0]","[7.661088446403584, 59.09482012655305, 178.8131742635665, 62.60395799056197, 32.02643190011677, 162.60477031488466, 163.86203331254987, 156.201518286895, 145.40501011677284, 142.0071180804607, 140.17893768843862, 147.5888510194644]","{""RMSE"": 85.29959768836777, ""MAPE"": Infinity, ""SMAPE"": 0.44382827828883825, ""MAE"": 75.74631431977517, ""MD"": 66.26337225108763}",85.29959768836777,inf
1_1_16_8,LightGBM,"{""boosting_type"": ""gbdt"", ""objective"": ""regression"", ""metric"": [""l2"", ""l1""], ""learning_rate"": 0.05, ""feature_fraction"": 0.9, ""bagging_fraction"": 0.8, ""bagging_freq"": 5, ""verbose"": -1}",4.0,"[""sintomas covid"", ""trabajos"", ""carros"", ""lag_28"", ""rmean_28_7"", ""rmean_28_28"", ""weekday"", ""weekofyear"", ""month"", ""quarter"", ""year""]","[54.0, 63.0, 72.0, 51.0, 43.0, 43.0, 48.0, 55.0, 41.0, 29.0, 30.0, 38.0]","[-20.95523267992074, 62.4034950401088, 133.85265481702535, 47.19813728781495, 29.820347541433645, 127.79959681359054, 137.75905334498714, 156.4105626038416, 215.54019149538544, 121.62547739120228, 123.9074451164087, 126.6707132202537]","{""RMSE"": 79.46421467664229, ""MAPE"": Infinity, ""SMAPE"": 0.45091519316235285, ""MAE"": 67.30061131801122, ""MD"": 58.55049719763789}",79.46421467664229,inf
1_1_16_8,LightGBM,"{""boosting_type"": ""gbdt"", ""objective"": ""regression"", ""metric"": [""l2"", ""l1""], ""learning_rate"": 0.05, ""feature_fraction"": 0.9, ""bagging_fraction"": 0.8, ""bagging_freq"": 5, ""verbose"": -1}",4.0,"[""sintomas covid"", ""trabajos"", ""carros"", ""reclutamiento"", ""lag_28"", ""rmean_28_7"", ""rmean_28_28"", ""weekday"", ""weekofyear"", ""month"", ""quarter"", ""year""]","[54.0, 63.0, 72.0, 51.0, 43.0, 43.0, 48.0, 55.0, 41.0, 29.0, 30.0, 38.0]","[6.403661194343133, 38.076272459670626, 114.14359556273548, 26.463342129709627, 17.095767952992514, 99.28469651022253, 111.6343561653335, 134.09850506085678, 188.75480339512725, 118.54611607172409, 139.85318567118813, 146.29849553242914]","{""RMSE"": 89.3116208592614, ""MAPE"": Infinity, ""SMAPE"": 0.46801514747252787, ""MAE"": 78.15183267029785, ""MD"": 68.27531602190699}",89.3116208592614,inf
1_1_16_8,LightGBM,"{""boosting_type"": ""gbdt"", ""objective"": ""regression"", ""metric"": [""l2"", ""l1""], ""learning_rate"": 0.05, ""feature_fraction"": 0.9, ""bagging_fraction"": 0.8, ""bagging_freq"": 5, ""verbose"": -1}",4.0,"[""sintomas covid"", ""trabajos"", ""carros"", ""reclutamiento"", ""real estate"", ""lag_28"", ""rmean_28_7"", ""rmean_28_28"", ""weekday"", ""weekofyear"", ""month"", ""quarter"", ""year""]","[54.0, 63.0, 72.0, 51.0, 43.0, 43.0, 48.0, 55.0, 41.0, 29.0, 30.0, 38.0]","[-57.57850451363778, 14.798453805144439, 80.95991518193036, 34.01664826957962, -1.748479309004286, 121.29487617410803, 123.58160267795485, 107.35983118971171, 163.32641236978856, 128.91971591471193, 150.95802500966255, 134.95342247022228]","{""RMSE"": 89.77965159443364, ""MAPE"": Infinity, ""SMAPE"": 1.0126888665008742, ""MAE"": 78.83052594922947, ""MD"": 65.14288026340677}",89.77965159443364,inf
1_1_16_8,LightGBM,"{""boosting_type"": ""gbdt"", ""objective"": ""regression"", ""metric"": [""l2"", ""l1""], ""learning_rate"": 0.05, ""feature_fraction"": 0.9, ""bagging_fraction"": 0.8, ""bagging_freq"": 5, ""verbose"": -1}",4.0,"[""sintomas covid"", ""trabajos"", ""carros"", ""reclutamiento"", ""real estate"", ""casas"", ""lag_28"", ""rmean_28_7"", ""rmean_28_28"", ""weekday"", ""weekofyear"", ""month"", ""quarter"", ""year""]","[54.0, 63.0, 72.0, 51.0, 43.0, 43.0, 48.0, 55.0, 41.0, 29.0, 30.0, 38.0]","[40.210813074868, 136.73175330869563, 153.38586329484485, 128.21991599850253, 45.98144570574389, 162.30253823661835, 165.45564178523063, 150.2532706796905, 266.4377825730806, 168.73309877920562, 83.89919533334596, 61.02521274832053]","{""RMSE"": 120.66360420535841, ""MAPE"": Infinity, ""SMAPE"": 0.4908677430830932, ""MAE"": 100.72394513727049, ""MD"": 97.4012729828523}",120.66360420535841,inf
1_1_16_8,LightGBM,"{""boosting_type"": ""gbdt"", ""objective"": ""regression"", ""metric"": [""l2"", ""l1""], ""learning_rate"": 0.05, ""feature_fraction"": 0.9, ""bagging_fraction"": 0.8, ""bagging_freq"": 5, ""verbose"": -1}",4.0,"[""sintomas covid"", ""trabajos"", ""carros"", ""reclutamiento"", ""real estate"", ""casas"", ""tenis"", ""lag_28"", ""rmean_28_7"", ""rmean_28_28"", ""weekday"", ""weekofyear"", ""month"", ""quarter"", ""year""]","[54.0, 63.0, 72.0, 51.0, 43.0, 43.0, 48.0, 55.0, 41.0, 29.0, 30.0, 38.0]","[27.384433699164568, 138.10440491920392, 138.41821360702502, 133.74779307259445, 40.15120083147331, 177.2839835586169, 158.34697429980835, 129.8247997478707, 278.8822730579226, 187.08555360784683, 76.96274542560054, 31.74999267310249]","{""RMSE"": 112.62850021020688, ""MAPE"": Infinity, ""SMAPE"": 0.8320762528534114, ""MAE"": 91.5488471057978, ""MD"": 82.09926435901816}",112.62850021020688,inf
1_1_16_8,LightGBM,"{""boosting_type"": ""gbdt"", ""objective"": ""regression"", ""metric"": [""l2"", ""l1""], ""learning_rate"": 0.05, ""feature_fraction"": 0.9, ""bagging_fraction"": 0.8, ""bagging_freq"": 5, ""verbose"": -1}",4.0,"[""sintomas covid"", ""trabajos"", ""carros"", ""reclutamiento"", ""real estate"", ""casas"", ""tenis"", ""botas"", ""lag_28"", ""rmean_28_7"", ""rmean_28_28"", ""weekday"", ""weekofyear"", ""month"", ""quarter"", ""year""]","[54.0, 63.0, 72.0, 51.0, 43.0, 43.0, 48.0, 55.0, 41.0, 29.0, 30.0, 38.0]","[57.12897142633959, 154.63793806430905, 146.37677768184986, 132.40279722471777, 56.885027499165524, 169.63175427352263, 167.45371717886707, 120.0177325788235, 283.5917430613055, 175.14354349446972, 86.81217147301473, 29.127560310373017]","{""RMSE"": 115.71820257654272, ""MAPE"": Infinity, ""SMAPE"": 0.5198177266310438, ""MAE"": 93.06072434693594, ""MD"": 88.20236621425198}",115.71820257654272,inf
1_1_16_8,LightGBM,"{""boosting_type"": ""gbdt"", ""objective"": ""regression"", ""metric"": [""l2"", ""l1""], ""learning_rate"": 0.05, ""feature_fraction"": 0.9, ""bagging_fraction"": 0.8, ""bagging_freq"": 5, ""verbose"": -1}",4.0,"[""sintomas covid"", ""trabajos"", ""carros"", ""reclutamiento"", ""real estate"", ""casas"", ""tenis"", ""botas"", ""sandalias"", ""lag_28"", ""rmean_28_7"", ""rmean_28_28"", ""weekday"", ""weekofyear"", ""month"", ""quarter"", ""year""]","[54.0, 63.0, 72.0, 51.0, 43.0, 43.0, 48.0, 55.0, 41.0, 29.0, 30.0, 38.0]","[50.62822886401887, 125.7228214852959, 130.75345974247924, 105.6976978827276, 75.46741889369429, 137.67374377490827, 146.57327711059384, 145.0320443407462, 234.7515831763925, 153.54703018887864, 123.37609663116667, 76.15832337666514]","{""RMSE"": 112.52670661402787, ""MAPE"": Infinity, ""SMAPE"": 0.4816427053432435, ""MAE"": 95.28573949811677, ""MD"": 92.915138847492}",112.52670661402787,inf
1_1_16_8,LightGBM,"{""boosting_type"": ""gbdt"", ""objective"": ""regression"", ""metric"": [""l2"", ""l1""], ""learning_rate"": 0.05, ""feature_fraction"": 0.9, ""bagging_fraction"": 0.8, ""bagging_freq"": 5, ""verbose"": -1}",4.0,"[""sintomas covid"", ""trabajos"", ""carros"", ""reclutamiento"", ""real estate"", ""casas"", ""tenis"", ""botas"", ""sandalias"", ""adidas"", ""lag_28"", ""rmean_28_7"", ""rmean_28_28"", ""weekday"", ""weekofyear"", ""month"", ""quarter"", ""year""]","[54.0, 63.0, 72.0, 51.0, 43.0, 43.0, 48.0, 55.0, 41.0, 29.0, 30.0, 38.0]","[58.58823953202809, 141.81786547977356, 130.34049426000743, 121.4231788609615, 66.68065404129614, 155.4702568689489, 156.91005004904824, 121.55249989968272, 206.63059572440662, 165.49874097817985, 130.10572040794642, 70.71946233544224]","{""RMSE"": 108.09821592425607, ""MAPE"": Infinity, ""SMAPE"": 0.48677271143729556, ""MAE"": 94.7063789139134, ""MD"": 92.8893135338786}",108.09821592425607,inf
1_1_16_8,LightGBM,"{""boosting_type"": ""gbdt"", ""objective"": ""regression"", ""metric"": [""l2"", ""l1""], ""learning_rate"": 0.05, ""feature_fraction"": 0.9, ""bagging_fraction"": 0.8, ""bagging_freq"": 5, ""verbose"": -1}",4.0,"[""sintomas covid"", ""trabajos"", ""carros"", ""reclutamiento"", ""real estate"", ""casas"", ""tenis"", ""botas"", ""sandalias"", ""adidas"", ""nike"", ""lag_28"", ""rmean_28_7"", ""rmean_28_28"", ""weekday"", ""weekofyear"", ""month"", ""quarter"", ""year""]","[54.0, 63.0, 72.0, 51.0, 43.0, 43.0, 48.0, 55.0, 41.0, 29.0, 30.0, 38.0]","[49.34224321986171, 130.2847267675064, 118.56476229749912, 101.64042519955092, 60.92654199783104, 148.89055545051303, 158.1615744506366, 132.0914716675462, 209.71480555534401, 154.22420659068243, 123.3948809142191, 86.2765983218377]","{""RMSE"": 97.80059426186895, ""MAPE"": Infinity, ""SMAPE"": 0.4776939178419904, ""MAE"": 86.14235639573504, ""MD"": 83.15791450763754}",97.80059426186895,inf
1_1_16_8,LightGBM,"{""boosting_type"": ""gbdt"", ""objective"": ""regression"", ""metric"": [""l2"", ""l1""], ""learning_rate"": 0.05, ""feature_fraction"": 0.9, ""bagging_fraction"": 0.8, ""bagging_freq"": 5, ""verbose"": -1}",4.0,"[""sintomas covid"", ""trabajos"", ""carros"", ""reclutamiento"", ""real estate"", ""casas"", ""tenis"", ""botas"", ""sandalias"", ""adidas"", ""nike"", ""converse"", ""lag_28"", ""rmean_28_7"", ""rmean_28_28"", ""weekday"", ""weekofyear"", ""month"", ""quarter"", ""year""]","[54.0, 63.0, 72.0, 51.0, 43.0, 43.0, 48.0, 55.0, 41.0, 29.0, 30.0, 38.0]","[41.1229656486805, 125.90740865287889, 119.94326660285165, 105.62598154882191, 67.4003977119841, 137.2400508012875, 158.4299702677479, 123.06762463420903, 175.50397792696717, 138.8462090840036, 122.10735070673825, 59.61737301111269]","{""RMSE"": 87.1965552115131, ""MAPE"": Infinity, ""SMAPE"": 0.4476685394567775, ""MAE"": 75.63667112922515, ""MD"": 72.43111011587007}",87.1965552115131,inf
1_1_16_8,LightGBM,"{""boosting_type"": ""gbdt"", ""objective"": ""regression"", ""metric"": [""l2"", ""l1""], ""learning_rate"": 0.05, ""feature_fraction"": 0.9, ""bagging_fraction"": 0.8, ""bagging_freq"": 5, ""verbose"": -1}",4.0,"[""sintomas covid"", ""trabajos"", ""carros"", ""reclutamiento"", ""real estate"", ""casas"", ""tenis"", ""botas"", ""sandalias"", ""adidas"", ""nike"", ""converse"", ""desempleo"", ""lag_28"", ""rmean_28_7"", ""rmean_28_28"", ""weekday"", ""weekofyear"", ""month"", ""quarter"", ""year""]","[54.0, 63.0, 72.0, 51.0, 43.0, 43.0, 48.0, 55.0, 41.0, 29.0, 30.0, 38.0]","[29.92507603429359, 117.77939793341888, 113.01062858474205, 99.4770898091732, 55.0830313094442, 117.68699992767414, 138.28183310102992, 109.57639396810572, 145.30458773359783, 89.08464538689142, 147.76340451174121, 68.25059343909336]","{""RMSE"": 72.4093404438124, ""MAPE"": Infinity, ""SMAPE"": 0.41631670344290067, ""MAE"": 63.56005881016519, ""MD"": 59.84206961585898}",72.4093404438124,inf
1_1_16_8,LightGBM,"{""objective"": ""regression"", ""verbose"": -1}",4.0,"[""lag_28"", ""rmean_28_7"", ""rmean_28_28"", ""weekday"", ""weekofyear"", ""month"", ""quarter"", ""year""]","[54.0, 63.0, 72.0, 51.0, 43.0, 43.0, 48.0, 55.0, 41.0, 29.0, 30.0, 38.0]","[39.94586547607537, 19.401404835842364, 0.7959151980810923, 0.7959151980810923, -25.53505419995887, 45.54395049055438, 58.0221262970597, 63.12443638384599, 41.37069463426506, 69.48630484167546, 56.5082646180587, 56.79014566257809]","{""RMSE"": 27.552896589832393, ""MAPE"": Infinity, ""SMAPE"": 0.3615762620755982, ""MAE"": 21.47387740014443, ""MD"": -4.626427332008271}",27.552896589832393,inf
1_1_16_8,LightGBM,"{""objective"": ""regression"", ""verbose"": -1}",4.0,"[""sintomas covid"", ""lag_28"", ""rmean_28_7"", ""rmean_28_28"", ""weekday"", ""weekofyear"", ""month"", ""quarter"", ""year""]","[54.0, 63.0, 72.0, 51.0, 43.0, 43.0, 48.0, 55.0, 41.0, 29.0, 30.0, 38.0]","[28.570447864960947, 14.746765842990916, -6.611175082527492, -6.611175082527492, -27.651093271161592, 14.321121889483207, 24.06792787224126, 20.403066933596175, 4.418571423964422, 44.43968898367087, 34.32477687930313, 51.52976185522863]","{""RMSE"": 30.648862228818594, ""MAPE"": Infinity, ""SMAPE"": 0.4530371491439661, ""MAE"": 24.404671046603788, ""MD"": -14.11692428145302}",30.648862228818594,inf
1_1_16_8,LightGBM,"{""objective"": ""regression"", ""verbose"": -1}",4.0,"[""sintomas covid"", ""trabajos"", ""lag_28"", ""rmean_28_7"", ""rmean_28_28"", ""weekday"", ""weekofyear"", ""month"", ""quarter"", ""year""]","[54.0, 63.0, 72.0, 51.0, 43.0, 43.0, 48.0, 55.0, 41.0, 29.0, 30.0, 38.0]","[29.57684929826926, 70.3389365089958, 115.05448352426052, 67.49811112697165, 23.82668502978282, 132.2256022422842, 146.32930660091068, 130.6604329184396, 92.45163058579604, 102.05098926526753, 102.05098926526753, 96.80645786541531]","{""RMSE"": 50.84568792559196, ""MAPE"": Infinity, ""SMAPE"": 0.35100645232707955, ""MAE"": 45.12249779121214, ""MD"": 38.06673531903239}",50.84568792559196,inf
1_1_16_8,LightGBM,"{""objective"": ""regression"", ""verbose"": -1}",4.0,"[""sintomas covid"", ""trabajos"", ""carros"", ""lag_28"", ""rmean_28_7"", ""rmean_28_28"", ""weekday"", ""weekofyear"", ""month"", ""quarter"", ""year""]","[54.0, 63.0, 72.0, 51.0, 43.0, 43.0, 48.0, 55.0, 41.0, 29.0, 30.0, 38.0]","[7.732070256347463, 142.01261883204532, 106.94090602800128, 107.99817454828268, 55.77258899235528, 119.20467337390775, 133.1507176289942, 159.87604645416792, 157.35289216683853, 106.11381280167868, 111.39318775889652, 107.30750073216232]","{""RMSE"": 70.06731318554571, ""MAPE"": Infinity, ""SMAPE"": 0.4191731718792699, ""MAE"": 63.565787116153125, ""MD"": 60.78616107763503}",70.06731318554571,inf
1_1_16_8,LightGBM,"{""objective"": ""regression"", ""verbose"": -1}",4.0,"[""sintomas covid"", ""trabajos"", ""carros"", ""reclutamiento"", ""lag_28"", ""rmean_28_7"", ""rmean_28_28"", ""weekday"", ""weekofyear"", ""month"", ""quarter"", ""year""]","[54.0, 63.0, 72.0, 51.0, 43.0, 43.0, 48.0, 55.0, 41.0, 29.0, 30.0, 38.0]","[-1.0171351782306286, 81.63499110991646, 72.10678052741692, 53.22618193011941, 35.67984498756225, 76.56741949588637, 96.78834380283465, 118.26921809338585, 169.8443715061352, 98.05925728863717, 113.84331788627122, 116.00987076117646]","{""RMSE"": 61.528194113474406, ""MAPE"": Infinity, ""SMAPE"": 0.37025482660510406, ""MAE"": 50.5413872544058, ""MD"": 45.554691738230275}",61.528194113474406,inf
1_1_16_8,LightGBM,"{""objective"": ""regression"", ""verbose"": -1}",4.0,"[""sintomas covid"", ""trabajos"", ""carros"", ""reclutamiento"", ""real estate"", ""lag_28"", ""rmean_28_7"", ""rmean_28_28"", ""weekday"", ""weekofyear"", ""month"", ""quarter"", ""year""]","[54.0, 63.0, 72.0, 51.0, 43.0, 43.0, 48.0, 55.0, 41.0, 29.0, 30.0, 38.0]","[-52.885027264710786, 76.30207834101647, 46.12083381996522, 85.26972481286658, -27.794969087701425, 117.34541442561738, 115.74136397188786, 44.3984563056744, 109.09729296875885, 136.89428127772973, 104.9188278253063, 73.41452103849694]","{""RMSE"": 70.63279391406917, ""MAPE"": Infinity, ""SMAPE"": 2.3117367493212173, ""MAE"": 62.91264397095378, ""MD"": 45.49961898982942}",70.63279391406917,inf
1_1_16_8,LightGBM,"{""objective"": ""regression"", ""verbose"": -1}",4.0,"[""sintomas covid"", ""trabajos"", ""carros"", ""reclutamiento"", ""real estate"", ""casas"", ""lag_28"", ""rmean_28_7"", ""rmean_28_28"", ""weekday"", ""weekofyear"", ""month"", ""quarter"", ""year""]","[54.0, 63.0, 72.0, 51.0, 43.0, 43.0, 48.0, 55.0, 41.0, 29.0, 30.0, 38.0]","[42.1730888377559, 217.38987818814414, 155.1730469765779, 108.5284761548457, 12.910546061941163, 159.18638569363117, 128.9410888933599, 113.44887568202644, 260.33021525723126, 168.0103545975505, 79.84471877138935, 12.019027574478514]","{""RMSE"": 127.56920277542751, ""MAPE"": Infinity, ""SMAPE"": 0.663541408976837, ""MAE"": 103.13966859842672, ""MD"": 90.1210488983967}",127.56920277542751,inf
1_1_16_8,LightGBM,"{""objective"": ""regression"", ""verbose"": -1}",4.0,"[""sintomas covid"", ""trabajos"", ""carros"", ""reclutamiento"", ""real estate"", ""casas"", ""tenis"", ""lag_28"", ""rmean_28_7"", ""rmean_28_28"", ""weekday"", ""weekofyear"", ""month"", ""quarter"", ""year""]","[54.0, 63.0, 72.0, 51.0, 43.0, 43.0, 48.0, 55.0, 41.0, 29.0, 30.0, 38.0]","[22.429156245940682, 176.20968423006465, -31.69501421050549, 76.20657484792383, -157.1426953191641, 138.7964477461973, -28.445247258962773, -124.5254850764998, 150.01912582550645, 160.98592673834324, 54.419753175273826, -202.6902807485236]","{""RMSE"": 139.7835218549867, ""MAPE"": Infinity, ""SMAPE"": 1.7002916527503915, ""MAE"": 121.29963981360724, ""MD"": 16.591704671418007}",139.7835218549867,inf
1_1_16_8,LightGBM,"{""objective"": ""regression"", ""verbose"": -1}",4.0,"[""sintomas covid"", ""trabajos"", ""carros"", ""reclutamiento"", ""real estate"", ""casas"", ""tenis"", ""botas"", ""lag_28"", ""rmean_28_7"", ""rmean_28_28"", ""weekday"", ""weekofyear"", ""month"", ""quarter"", ""year""]","[54.0, 63.0, 72.0, 51.0, 43.0, 43.0, 48.0, 55.0, 41.0, 29.0, 30.0, 38.0]","[6.514432106562848, 133.52982034798552, -84.60286578013509, 62.93497190910258, -192.95408299625177, 83.45304448836045, -51.62537260490587, -146.6284740334653, 136.35670535394314, 103.92645162832417, 59.36448405934976, -190.87072651731498]","{""RMSE"": 139.260002590841, ""MAPE"": Infinity, ""SMAPE"": 2.0382198244601617, ""MAE"": 115.3973329353126, ""MD"": 7.60058773779402}",139.260002590841,inf
1_1_16_8,LightGBM,"{""objective"": ""regression"", ""verbose"": -1}",4.0,"[""sintomas covid"", ""trabajos"", ""carros"", ""reclutamiento"", ""real estate"", ""casas"", ""tenis"", ""botas"", ""sandalias"", ""lag_28"", ""rmean_28_7"", ""rmean_28_28"", ""weekday"", ""weekofyear"", ""month"", ""quarter"", ""year""]","[54.0, 63.0, 72.0, 51.0, 43.0, 43.0, 48.0, 55.0, 41.0, 29.0, 30.0, 38.0]","[-6.366889715537836, 164.38000364277337, -72.09069222773984, 24.865651912611437, -174.1701675239983, 76.55647717940835, -60.59799281065231, -117.89794608084206, 137.96708245198644, 101.17629478445129, 52.94148583016119, -185.78655970304288]","{""RMSE"": 128.55957926527662, ""MAPE"": Infinity, ""SMAPE"": 28.226716347637456, ""MAE"": 110.81186665427181, ""MD"": 9.285488974730189}",128.55957926527662,inf
1_1_16_8,LightGBM,"{""objective"": ""regression"", ""verbose"": -1}",4.0,"[""sintomas covid"", ""trabajos"", ""carros"", ""reclutamiento"", ""real estate"", ""casas"", ""tenis"", ""botas"", ""sandalias"", ""adidas"", ""lag_28"", ""rmean_28_7"", ""rmean_28_28"", ""weekday"", ""weekofyear"", ""month"", ""quarter"", ""year""]","[54.0, 63.0, 72.0, 51.0, 43.0, 43.0, 48.0, 55.0, 41.0, 29.0, 30.0, 38.0]","[47.204491438769374, 121.45956563615312, -54.11535067234515, 80.32345749171509, -128.32814122451313, 126.54221579435914, -13.471528626638527, -63.91730386287409, 139.14485240454252, 142.052233032176, 70.02903321017935, -132.9864539530875]","{""RMSE"": 106.59618156669536, ""MAPE"": Infinity, ""SMAPE"": 2.85477129549597, ""MAE"": 95.36964179112803, ""MD"": 17.316169550397902}",106.59618156669536,inf
1_1_16_8,LightGBM,"{""objective"": ""regression"", ""verbose"": -1}",4.0,"[""sintomas covid"", ""trabajos"", ""carros"", ""reclutamiento"", ""real estate"", ""casas"", ""tenis"", ""botas"", ""sandalias"", ""adidas"", ""nike"", ""lag_28"", ""rmean_28_7"", ""rmean_28_28"", ""weekday"", ""weekofyear"", ""month"", ""quarter"", ""year""]","[54.0, 63.0, 72.0, 51.0, 43.0, 43.0, 48.0, 55.0, 41.0, 29.0, 30.0, 38.0]","[-4.338644536567253, 123.68383823768714, -52.22510784968466, 50.18615623231049, -104.87466930128956, 96.19459821009984, -13.186823722311999, -50.16941326490409, 97.21866449271985, 111.57436717356467, 79.22802670127703, -89.9341026090744]","{""RMSE"": 91.17078244970074, ""MAPE"": Infinity, ""SMAPE"": 2.4564431185492124, ""MAE"": 79.64883013700157, ""MD"": 10.883976738987666}",91.17078244970074,inf
1_1_16_8,LightGBM,"{""objective"": ""regression"", ""verbose"": -1}",4.0,"[""sintomas covid"", ""trabajos"", ""carros"", ""reclutamiento"", ""real estate"", ""casas"", ""tenis"", ""botas"", ""sandalias"", ""adidas"", ""nike"", ""converse"", ""lag_28"", ""rmean_28_7"", ""rmean_28_28"", ""weekday"", ""weekofyear"", ""month"", ""quarter"", ""year""]","[54.0, 63.0, 72.0, 51.0, 43.0, 43.0, 48.0, 55.0, 41.0, 29.0, 30.0, 38.0]","[5.28365287900855, 120.19399526248722, -45.59740633522106, 81.40019833413764, -102.91078993293497, 89.14475961589794, -11.801663158148582, -65.58028598242244, 88.84500425998233, 107.82582840120244, 51.91104458667294, -127.85516747478204]","{""RMSE"": 86.59797767520313, ""MAPE"": Infinity, ""SMAPE"": 1.6844966765367215, ""MAE"": 75.09445861684306, ""MD"": 4.158183352190798}",86.59797767520313,inf
1_1_16_8,LightGBM,"{""objective"": ""regression"", ""verbose"": -1}",4.0,"[""sintomas covid"", ""trabajos"", ""carros"", ""reclutamiento"", ""real estate"", ""casas"", ""tenis"", ""botas"", ""sandalias"", ""adidas"", ""nike"", ""converse"", ""desempleo"", ""lag_28"", ""rmean_28_7"", ""rmean_28_28"", ""weekday"", ""weekofyear"", ""month"", ""quarter"", ""year""]","[54.0, 63.0, 72.0, 51.0, 43.0, 43.0, 48.0, 55.0, 41.0, 29.0, 30.0, 38.0]","[-15.730737372805764, 115.74726488640275, -48.03650162601521, 82.13461572639329, -97.62940395219594, 58.81609684075593, -18.869124464770884, -74.90361003431578, 55.81419180628304, 50.78668752699117, 101.89264990111256, -106.49296262560696]","{""RMSE"": 78.48776969216043, ""MAPE"": Infinity, ""SMAPE"": 1.5444692338043104, ""MAE"": 65.78919365272648, ""MD"": -1.0738322662927615}",78.48776969216043,inf
1_1_16_8,LightGBM,"{""objective"": ""poisson"", ""metric"": [""rmse""], ""force_row_wise"": true, ""learning_rate"": 0.075, ""sub_row"": 0.75, ""bagging_freq"": 1, ""lambda_l2"": 0.1, ""verbose"": -1, ""num_iterations"": 1200, ""num_leaves"": 128, ""min_data_in_leaf"": 100}",4.0,"[""lag_28"", ""rmean_28_7"", ""rmean_28_28"", ""weekday"", ""weekofyear"", ""month"", ""quarter"", ""year""]","[54.0, 63.0, 72.0, 51.0, 43.0, 43.0, 48.0, 55.0, 41.0, 29.0, 30.0, 38.0]","[218.1549295774647, 218.1549295774647, 218.1549295774647, 218.1549295774647, 218.1549295774647, 218.1549295774647, 218.1549295774647, 218.1549295774647, 218.1549295774647, 218.1549295774647, 218.1549295774647, 218.1549295774647]","{""RMSE"": 171.01626569155243, ""MAPE"": Infinity, ""SMAPE"": 0.6565627420487148, ""MAE"": 170.5732335957767, ""MD"": 170.5732335957767}",171.01626569155243,inf
1_1_16_8,LightGBM,"{""boosting_type"": ""gbdt"", ""objective"": ""tweedie"", ""tweedie_variance_power"": 1.1, ""metric"": ""rmse"", ""subsample"": 0.5, ""subsample_freq"": 1, ""learning_rate"": 0.03, ""num_leaves"": 2047, ""min_data_in_leaf"": 4095, ""feature_fraction"": 0.5, ""max_bin"": 100, ""n_estimators"": 1, ""boost_from_average"": false, ""verbose"": -1}",4.0,"[""lag_28"", ""rmean_28_7"", ""rmean_28_28"", ""weekday"", ""weekofyear"", ""month"", ""quarter"", ""year""]","[54.0, 63.0, 72.0, 51.0, 43.0, 43.0, 48.0, 55.0, 41.0, 29.0, 30.0, 38.0]","[218.1549295774647, 218.1549295774647, 218.1549295774647, 218.1549295774647, 218.1549295774647, 218.1549295774647, 218.1549295774647, 218.1549295774647, 218.1549295774647, 218.1549295774647, 218.1549295774647, 218.1549295774647]","{""RMSE"": 171.01626569155243, ""MAPE"": Infinity, ""SMAPE"": 0.6565627420487148, ""MAE"": 170.5732335957767, ""MD"": 170.5732335957767}",171.01626569155243,inf
1_1_16_8,LightGBM,"{""boosting_type"": ""gbdt"", ""objective"": ""tweedie"", ""tweedie_variance_power"": 1.1, ""metric"": ""rmse"", ""subsample"": 0.5, ""subsample_freq"": 1, ""learning_rate"": 0.03, ""num_leaves"": 2047, ""min_data_in_leaf"": 4095, ""feature_fraction"": 0.5, ""max_bin"": 100, ""n_estimators"": 1, ""boost_from_average"": false, ""verbose"": -1}",4.0,"[""sintomas covid"", ""lag_28"", ""rmean_28_7"", ""rmean_28_28"", ""weekday"", ""weekofyear"", ""month"", ""quarter"", ""year""]","[54.0, 63.0, 72.0, 51.0, 43.0, 43.0, 48.0, 55.0, 41.0, 29.0, 30.0, 38.0]","[218.1549295774647, 218.1549295774647, 218.1549295774647, 218.1549295774647, 218.1549295774647, 218.1549295774647, 218.1549295774647, 218.1549295774647, 218.1549295774647, 218.1549295774647, 218.1549295774647, 218.1549295774647]","{""RMSE"": 171.01626569155243, ""MAPE"": Infinity, ""SMAPE"": 0.6565627420487148, ""MAE"": 170.5732335957767, ""MD"": 170.5732335957767}",171.01626569155243,inf
1_1_16_8,LightGBM,"{""boosting_type"": ""gbdt"", ""objective"": ""tweedie"", ""tweedie_variance_power"": 1.1, ""metric"": ""rmse"", ""subsample"": 0.5, ""subsample_freq"": 1, ""learning_rate"": 0.03, ""num_leaves"": 2047, ""min_data_in_leaf"": 4095, ""feature_fraction"": 0.5, ""max_bin"": 100, ""n_estimators"": 1, ""boost_from_average"": false, ""verbose"": -1}",4.0,"[""sintomas covid"", ""trabajos"", ""lag_28"", ""rmean_28_7"", ""rmean_28_28"", ""weekday"", ""weekofyear"", ""month"", ""quarter"", ""year""]","[54.0, 63.0, 72.0, 51.0, 43.0, 43.0, 48.0, 55.0, 41.0, 29.0, 30.0, 38.0]","[218.1549295774647, 218.1549295774647, 218.1549295774647, 218.1549295774647, 218.1549295774647, 218.1549295774647, 218.1549295774647, 218.1549295774647, 218.1549295774647, 218.1549295774647, 218.1549295774647, 218.1549295774647]","{""RMSE"": 171.01626569155243, ""MAPE"": Infinity, ""SMAPE"": 0.6565627420487148, ""MAE"": 170.5732335957767, ""MD"": 170.5732335957767}",171.01626569155243,inf
1_1_16_8,LightGBM,"{""boosting_type"": ""gbdt"", ""objective"": ""tweedie"", ""tweedie_variance_power"": 1.1, ""metric"": ""rmse"", ""subsample"": 0.5, ""subsample_freq"": 1, ""learning_rate"": 0.03, ""num_leaves"": 2047, ""min_data_in_leaf"": 4095, ""feature_fraction"": 0.5, ""max_bin"": 100, ""n_estimators"": 1, ""boost_from_average"": false, ""verbose"": -1}",4.0,"[""sintomas covid"", ""trabajos"", ""carros"", ""lag_28"", ""rmean_28_7"", ""rmean_28_28"", ""weekday"", ""weekofyear"", ""month"", ""quarter"", ""year""]","[54.0, 63.0, 72.0, 51.0, 43.0, 43.0, 48.0, 55.0, 41.0, 29.0, 30.0, 38.0]","[218.1549295774647, 218.1549295774647, 218.1549295774647, 218.1549295774647, 218.1549295774647, 218.1549295774647, 218.1549295774647, 218.1549295774647, 218.1549295774647, 218.1549295774647, 218.1549295774647, 218.1549295774647]","{""RMSE"": 171.01626569155243, ""MAPE"": Infinity, ""SMAPE"": 0.6565627420487148, ""MAE"": 170.5732335957767, ""MD"": 170.5732335957767}",171.01626569155243,inf
1_1_16_8,LightGBM,"{""boosting_type"": ""gbdt"", ""objective"": ""tweedie"", ""tweedie_variance_power"": 1.1, ""metric"": ""rmse"", ""subsample"": 0.5, ""subsample_freq"": 1, ""learning_rate"": 0.03, ""num_leaves"": 2047, ""min_data_in_leaf"": 4095, ""feature_fraction"": 0.5, ""max_bin"": 100, ""n_estimators"": 1, ""boost_from_average"": false, ""verbose"": -1}",4.0,"[""sintomas covid"", ""trabajos"", ""carros"", ""reclutamiento"", ""lag_28"", ""rmean_28_7"", ""rmean_28_28"", ""weekday"", ""weekofyear"", ""month"", ""quarter"", ""year""]","[54.0, 63.0, 72.0, 51.0, 43.0, 43.0, 48.0, 55.0, 41.0, 29.0, 30.0, 38.0]","[218.1549295774647, 218.1549295774647, 218.1549295774647, 218.1549295774647, 218.1549295774647, 218.1549295774647, 218.1549295774647, 218.1549295774647, 218.1549295774647, 218.1549295774647, 218.1549295774647, 218.1549295774647]","{""RMSE"": 171.01626569155243, ""MAPE"": Infinity, ""SMAPE"": 0.6565627420487148, ""MAE"": 170.5732335957767, ""MD"": 170.5732335957767}",171.01626569155243,inf
1_1_16_8,LightGBM,"{""boosting_type"": ""gbdt"", ""objective"": ""tweedie"", ""tweedie_variance_power"": 1.1, ""metric"": ""rmse"", ""subsample"": 0.5, ""subsample_freq"": 1, ""learning_rate"": 0.03, ""num_leaves"": 2047, ""min_data_in_leaf"": 4095, ""feature_fraction"": 0.5, ""max_bin"": 100, ""n_estimators"": 1, ""boost_from_average"": false, ""verbose"": -1}",4.0,"[""sintomas covid"", ""trabajos"", ""carros"", ""reclutamiento"", ""real estate"", ""lag_28"", ""rmean_28_7"", ""rmean_28_28"", ""weekday"", ""weekofyear"", ""month"", ""quarter"", ""year""]","[54.0, 63.0, 72.0, 51.0, 43.0, 43.0, 48.0, 55.0, 41.0, 29.0, 30.0, 38.0]","[218.1549295774647, 218.1549295774647, 218.1549295774647, 218.1549295774647, 218.1549295774647, 218.1549295774647, 218.1549295774647, 218.1549295774647, 218.1549295774647, 218.1549295774647, 218.1549295774647, 218.1549295774647]","{""RMSE"": 171.01626569155243, ""MAPE"": Infinity, ""SMAPE"": 0.6565627420487148, ""MAE"": 170.5732335957767, ""MD"": 170.5732335957767}",171.01626569155243,inf
1_1_16_8,LightGBM,"{""boosting_type"": ""gbdt"", ""objective"": ""tweedie"", ""tweedie_variance_power"": 1.1, ""metric"": ""rmse"", ""subsample"": 0.5, ""subsample_freq"": 1, ""learning_rate"": 0.03, ""num_leaves"": 2047, ""min_data_in_leaf"": 4095, ""feature_fraction"": 0.5, ""max_bin"": 100, ""n_estimators"": 1, ""boost_from_average"": false, ""verbose"": -1}",4.0,"[""sintomas covid"", ""trabajos"", ""carros"", ""reclutamiento"", ""real estate"", ""casas"", ""lag_28"", ""rmean_28_7"", ""rmean_28_28"", ""weekday"", ""weekofyear"", ""month"", ""quarter"", ""year""]","[54.0, 63.0, 72.0, 51.0, 43.0, 43.0, 48.0, 55.0, 41.0, 29.0, 30.0, 38.0]","[218.1549295774647, 218.1549295774647, 218.1549295774647, 218.1549295774647, 218.1549295774647, 218.1549295774647, 218.1549295774647, 218.1549295774647, 218.1549295774647, 218.1549295774647, 218.1549295774647, 218.1549295774647]","{""RMSE"": 171.01626569155243, ""MAPE"": Infinity, ""SMAPE"": 0.6565627420487148, ""MAE"": 170.5732335957767, ""MD"": 170.5732335957767}",171.01626569155243,inf
1_1_16_8,LightGBM,"{""boosting_type"": ""gbdt"", ""objective"": ""tweedie"", ""tweedie_variance_power"": 1.1, ""metric"": ""rmse"", ""subsample"": 0.5, ""subsample_freq"": 1, ""learning_rate"": 0.03, ""num_leaves"": 2047, ""min_data_in_leaf"": 4095, ""feature_fraction"": 0.5, ""max_bin"": 100, ""n_estimators"": 1, ""boost_from_average"": false, ""verbose"": -1}",4.0,"[""sintomas covid"", ""trabajos"", ""carros"", ""reclutamiento"", ""real estate"", ""casas"", ""tenis"", ""lag_28"", ""rmean_28_7"", ""rmean_28_28"", ""weekday"", ""weekofyear"", ""month"", ""quarter"", ""year""]","[54.0, 63.0, 72.0, 51.0, 43.0, 43.0, 48.0, 55.0, 41.0, 29.0, 30.0, 38.0]","[218.1549295774647, 218.1549295774647, 218.1549295774647, 218.1549295774647, 218.1549295774647, 218.1549295774647, 218.1549295774647, 218.1549295774647, 218.1549295774647, 218.1549295774647, 218.1549295774647, 218.1549295774647]","{""RMSE"": 171.01626569155243, ""MAPE"": Infinity, ""SMAPE"": 0.6565627420487148, ""MAE"": 170.5732335957767, ""MD"": 170.5732335957767}",171.01626569155243,inf
1_1_16_8,LightGBM,"{""boosting_type"": ""gbdt"", ""objective"": ""tweedie"", ""tweedie_variance_power"": 1.1, ""metric"": ""rmse"", ""subsample"": 0.5, ""subsample_freq"": 1, ""learning_rate"": 0.03, ""num_leaves"": 2047, ""min_data_in_leaf"": 4095, ""feature_fraction"": 0.5, ""max_bin"": 100, ""n_estimators"": 1, ""boost_from_average"": false, ""verbose"": -1}",4.0,"[""sintomas covid"", ""trabajos"", ""carros"", ""reclutamiento"", ""real estate"", ""casas"", ""tenis"", ""botas"", ""lag_28"", ""rmean_28_7"", ""rmean_28_28"", ""weekday"", ""weekofyear"", ""month"", ""quarter"", ""year""]","[54.0, 63.0, 72.0, 51.0, 43.0, 43.0, 48.0, 55.0, 41.0, 29.0, 30.0, 38.0]","[218.1549295774647, 218.1549295774647, 218.1549295774647, 218.1549295774647, 218.1549295774647, 218.1549295774647, 218.1549295774647, 218.1549295774647, 218.1549295774647, 218.1549295774647, 218.1549295774647, 218.1549295774647]","{""RMSE"": 171.01626569155243, ""MAPE"": Infinity, ""SMAPE"": 0.6565627420487148, ""MAE"": 170.5732335957767, ""MD"": 170.5732335957767}",171.01626569155243,inf
1_1_16_8,LightGBM,"{""boosting_type"": ""gbdt"", ""objective"": ""tweedie"", ""tweedie_variance_power"": 1.1, ""metric"": ""rmse"", ""subsample"": 0.5, ""subsample_freq"": 1, ""learning_rate"": 0.03, ""num_leaves"": 2047, ""min_data_in_leaf"": 4095, ""feature_fraction"": 0.5, ""max_bin"": 100, ""n_estimators"": 1, ""boost_from_average"": false, ""verbose"": -1}",4.0,"[""sintomas covid"", ""trabajos"", ""carros"", ""reclutamiento"", ""real estate"", ""casas"", ""tenis"", ""botas"", ""sandalias"", ""lag_28"", ""rmean_28_7"", ""rmean_28_28"", ""weekday"", ""weekofyear"", ""month"", ""quarter"", ""year""]","[54.0, 63.0, 72.0, 51.0, 43.0, 43.0, 48.0, 55.0, 41.0, 29.0, 30.0, 38.0]","[218.1549295774647, 218.1549295774647, 218.1549295774647, 218.1549295774647, 218.1549295774647, 218.1549295774647, 218.1549295774647, 218.1549295774647, 218.1549295774647, 218.1549295774647, 218.1549295774647, 218.1549295774647]","{""RMSE"": 171.01626569155243, ""MAPE"": Infinity, ""SMAPE"": 0.6565627420487148, ""MAE"": 170.5732335957767, ""MD"": 170.5732335957767}",171.01626569155243,inf
1_1_16_8,LightGBM,"{""boosting_type"": ""gbdt"", ""objective"": ""tweedie"", ""tweedie_variance_power"": 1.1, ""metric"": ""rmse"", ""subsample"": 0.5, ""subsample_freq"": 1, ""learning_rate"": 0.03, ""num_leaves"": 2047, ""min_data_in_leaf"": 4095, ""feature_fraction"": 0.5, ""max_bin"": 100, ""n_estimators"": 1, ""boost_from_average"": false, ""verbose"": -1}",4.0,"[""sintomas covid"", ""trabajos"", ""carros"", ""reclutamiento"", ""real estate"", ""casas"", ""tenis"", ""botas"", ""sandalias"", ""adidas"", ""lag_28"", ""rmean_28_7"", ""rmean_28_28"", ""weekday"", ""weekofyear"", ""month"", ""quarter"", ""year""]","[54.0, 63.0, 72.0, 51.0, 43.0, 43.0, 48.0, 55.0, 41.0, 29.0, 30.0, 38.0]","[218.1549295774647, 218.1549295774647, 218.1549295774647, 218.1549295774647, 218.1549295774647, 218.1549295774647, 218.1549295774647, 218.1549295774647, 218.1549295774647, 218.1549295774647, 218.1549295774647, 218.1549295774647]","{""RMSE"": 171.01626569155243, ""MAPE"": Infinity, ""SMAPE"": 0.6565627420487148, ""MAE"": 170.5732335957767, ""MD"": 170.5732335957767}",171.01626569155243,inf
1_1_16_8,LightGBM,"{""boosting_type"": ""gbdt"", ""objective"": ""tweedie"", ""tweedie_variance_power"": 1.1, ""metric"": ""rmse"", ""subsample"": 0.5, ""subsample_freq"": 1, ""learning_rate"": 0.03, ""num_leaves"": 2047, ""min_data_in_leaf"": 4095, ""feature_fraction"": 0.5, ""max_bin"": 100, ""n_estimators"": 1, ""boost_from_average"": false, ""verbose"": -1}",4.0,"[""sintomas covid"", ""trabajos"", ""carros"", ""reclutamiento"", ""real estate"", ""casas"", ""tenis"", ""botas"", ""sandalias"", ""adidas"", ""nike"", ""lag_28"", ""rmean_28_7"", ""rmean_28_28"", ""weekday"", ""weekofyear"", ""month"", ""quarter"", ""year""]","[54.0, 63.0, 72.0, 51.0, 43.0, 43.0, 48.0, 55.0, 41.0, 29.0, 30.0, 38.0]","[218.1549295774647, 218.1549295774647, 218.1549295774647, 218.1549295774647, 218.1549295774647, 218.1549295774647, 218.1549295774647, 218.1549295774647, 218.1549295774647, 218.1549295774647, 218.1549295774647, 218.1549295774647]","{""RMSE"": 171.01626569155243, ""MAPE"": Infinity, ""SMAPE"": 0.6565627420487148, ""MAE"": 170.5732335957767, ""MD"": 170.5732335957767}",171.01626569155243,inf
1_1_16_8,LightGBM,"{""boosting_type"": ""gbdt"", ""objective"": ""tweedie"", ""tweedie_variance_power"": 1.1, ""metric"": ""rmse"", ""subsample"": 0.5, ""subsample_freq"": 1, ""learning_rate"": 0.03, ""num_leaves"": 2047, ""min_data_in_leaf"": 4095, ""feature_fraction"": 0.5, ""max_bin"": 100, ""n_estimators"": 1, ""boost_from_average"": false, ""verbose"": -1}",4.0,"[""sintomas covid"", ""trabajos"", ""carros"", ""reclutamiento"", ""real estate"", ""casas"", ""tenis"", ""botas"", ""sandalias"", ""adidas"", ""nike"", ""converse"", ""lag_28"", ""rmean_28_7"", ""rmean_28_28"", ""weekday"", ""weekofyear"", ""month"", ""quarter"", ""year""]","[54.0, 63.0, 72.0, 51.0, 43.0, 43.0, 48.0, 55.0, 41.0, 29.0, 30.0, 38.0]","[218.1549295774647, 218.1549295774647, 218.1549295774647, 218.1549295774647, 218.1549295774647, 218.1549295774647, 218.1549295774647, 218.1549295774647, 218.1549295774647, 218.1549295774647, 218.1549295774647, 218.1549295774647]","{""RMSE"": 171.01626569155243, ""MAPE"": Infinity, ""SMAPE"": 0.6565627420487148, ""MAE"": 170.5732335957767, ""MD"": 170.5732335957767}",171.01626569155243,inf
1_1_16_8,LightGBM,"{""boosting_type"": ""gbdt"", ""objective"": ""tweedie"", ""tweedie_variance_power"": 1.1, ""metric"": ""rmse"", ""subsample"": 0.5, ""subsample_freq"": 1, ""learning_rate"": 0.03, ""num_leaves"": 2047, ""min_data_in_leaf"": 4095, ""feature_fraction"": 0.5, ""max_bin"": 100, ""n_estimators"": 1, ""boost_from_average"": false, ""verbose"": -1}",4.0,"[""sintomas covid"", ""trabajos"", ""carros"", ""reclutamiento"", ""real estate"", ""casas"", ""tenis"", ""botas"", ""sandalias"", ""adidas"", ""nike"", ""converse"", ""desempleo"", ""lag_28"", ""rmean_28_7"", ""rmean_28_28"", ""weekday"", ""weekofyear"", ""month"", ""quarter"", ""year""]","[54.0, 63.0, 72.0, 51.0, 43.0, 43.0, 48.0, 55.0, 41.0, 29.0, 30.0, 38.0]","[218.1549295774647, 218.1549295774647, 218.1549295774647, 218.1549295774647, 218.1549295774647, 218.1549295774647, 218.1549295774647, 218.1549295774647, 218.1549295774647, 218.1549295774647, 218.1549295774647, 218.1549295774647]","{""RMSE"": 171.01626569155243, ""MAPE"": Infinity, ""SMAPE"": 0.6565627420487148, ""MAE"": 170.5732335957767, ""MD"": 170.5732335957767}",171.01626569155243,inf
1_1_16_8,Exponential Smoothing,null,4.0,"[""lag_28"", ""rmean_28_7"", ""rmean_28_28"", ""weekday"", ""weekofyear"", ""month"", ""quarter"", ""year""]","[54.0, 63.0, 72.0, 51.0, 43.0, 43.0, 48.0, 55.0, 41.0, 29.0, 30.0, 38.0]","[37.95997650872805, 37.95997650872805, 37.95997650872805, 37.95997650872805, 37.95997650872805, 37.95997650872805, 37.95997650872805, 37.95997650872805, 37.95997650872805, 37.95997650872805, 37.95997650872805, 37.95997650872805]","{""RMSE"": 23.078089088688714, ""MAPE"": Infinity, ""SMAPE"": 0.29392769407814695, ""MAE"": 17.085322584576183, ""MD"": -5.570120200493707}",23.078089088688714,inf
1_1_16_8,Moving Average,null,4.0,"[""lag_28"", ""rmean_28_7"", ""rmean_28_28"", ""weekday"", ""weekofyear"", ""month"", ""quarter"", ""year""]","[54.0, 63.0, 72.0, 51.0, 43.0, 43.0, 48.0, 55.0, 41.0, 29.0, 30.0, 38.0]","[34.0, 34.0, 34.0, 34.0, 34.0, 34.0, 34.0, 34.0, 34.0, 34.0, 34.0, 34.0]","{""RMSE"": 22.847543023752515, ""MAPE"": NaN, ""SMAPE"": NaN, ""MAE"": 16.566666666666666, ""MD"": -11.24}",22.847543023752515,
1_1_16_8,ARIMA,null,4.0,"[""lag_28"", ""rmean_28_7"", ""rmean_28_28"", ""weekday"", ""weekofyear"", ""month"", ""quarter"", ""year""]","[54.0, 63.0, 72.0, 51.0, 43.0, 43.0, 48.0, 55.0, 41.0, 29.0, 30.0, 38.0]","[-69.7884251167275, 2.9178269618709862, 8.019436401299998, 12.5242544681673, 18.610636322409363, 93.07697895064436, 97.76607694989022, 102.78769224950472, 105.12620546079367, 68.17226477352912, 71.30695448690628, 73.72478329989778]","{""RMSE"": 68.27572766335085, ""MAPE"": Infinity, ""SMAPE"": 0.5525903367656348, ""MAE"": 58.04824248391854, ""MD"": 37.587062909629715}",68.27572766335085,inf
1_1_16_8,ARIMA,null,4.0,"[""sintomas covid"", ""lag_28"", ""rmean_28_7"", ""rmean_28_28"", ""weekday"", ""weekofyear"", ""month"", ""quarter"", ""year""]","[54.0, 63.0, 72.0, 51.0, 43.0, 43.0, 48.0, 55.0, 41.0, 29.0, 30.0, 38.0]","[-85.4800801157541, -24.724110800743524, -30.738300885255462, -32.48837330890792, -29.175552210333713, 49.74595988279935, 53.90048019430133, 53.680929618393115, 54.812167308642806, 12.754372938289002, 12.193781669222794, 13.224884636940537]","{""RMSE"": 56.782582387246165, ""MAPE"": Infinity, ""SMAPE"": 0.8249812235474162, ""MAE"": 39.481315940678016, ""MD"": -7.9227208225800245}",56.782582387246165,inf
1_1_16_8,ARIMA,null,4.0,"[""sintomas covid"", ""trabajos"", ""lag_28"", ""rmean_28_7"", ""rmean_28_28"", ""weekday"", ""weekofyear"", ""month"", ""quarter"", ""year""]","[54.0, 63.0, 72.0, 51.0, 43.0, 43.0, 48.0, 55.0, 41.0, 29.0, 30.0, 38.0]","[-105.2136383530306, -67.54863291337102, 13.670269511712775, -55.76121821427665, -62.00300229217106, 14.341060238322768, 20.36451503269194, 26.659242316803955, 19.49837071973883, -22.98987596707599, 95.35984024930798, 13.071269292224258]","{""RMSE"": 58.076590586505354, ""MAPE"": Infinity, ""SMAPE"": 3.7945343249071772, ""MAE"": 43.98141847917519, ""MD"": -20.082494595276295}",58.076590586505354,inf
1_1_16_8,ARIMA,null,4.0,"[""sintomas covid"", ""trabajos"", ""carros"", ""lag_28"", ""rmean_28_7"", ""rmean_28_28"", ""weekday"", ""weekofyear"", ""month"", ""quarter"", ""year""]","[54.0, 63.0, 72.0, 51.0, 43.0, 43.0, 48.0, 55.0, 41.0, 29.0, 30.0, 38.0]","[-118.12165696555132, -6.8571647377099225, 16.02728466948645, -62.110885751637056, -47.31172587198637, -1.6585971025921253, 67.44191032831475, 105.76097420635085, 208.0365023738708, 31.815226611827143, 167.23811364622122, 83.04191519474296]","{""RMSE"": 116.12971655965565, ""MAPE"": Infinity, ""SMAPE"": 4.219338406307853, ""MAE"": 91.46575313386903, ""MD"": 45.25216762700313}",116.12971655965565,inf
1_1_16_8,ARIMA,null,4.0,"[""sintomas covid"", ""trabajos"", ""carros"", ""reclutamiento"", ""lag_28"", ""rmean_28_7"", ""rmean_28_28"", ""weekday"", ""weekofyear"", ""month"", ""quarter"", ""year""]","[54.0, 63.0, 72.0, 51.0, 43.0, 43.0, 48.0, 55.0, 41.0, 29.0, 30.0, 38.0]","[-150.67171443651048, -18.92337554953727, 0.13762745690448241, -86.9501621471284, -74.57468759633801, -11.345606988048786, 76.53928164757937, 113.80553116115308, 236.57046182853784, 11.757715476487391, 83.9945627648701, 27.024199320454244]","{""RMSE"": 117.49682380924463, ""MAPE"": Infinity, ""SMAPE"": 1.5291587632586643, ""MAE"": 86.91066307937096, ""MD"": 25.930059833371068}",117.49682380924463,inf
1_1_16_8,ARIMA,null,4.0,"[""sintomas covid"", ""trabajos"", ""carros"", ""reclutamiento"", ""real estate"", ""lag_28"", ""rmean_28_7"", ""rmean_28_28"", ""weekday"", ""weekofyear"", ""month"", ""quarter"", ""year""]","[54.0, 63.0, 72.0, 51.0, 43.0, 43.0, 48.0, 55.0, 41.0, 29.0, 30.0, 38.0]","[-116.74891382655863, 3.865636086943198, 36.238039336029544, -78.07740197076731, -51.54136808972493, -6.007881822522393, 64.26801873753044, 115.69963328465434, 189.0039750561778, -14.135058542269178, 58.53061139124526, 23.360062442203855]","{""RMSE"": 81.35434061853323, ""MAPE"": Infinity, ""SMAPE"": 2.1883994680186465, ""MAE"": 66.14741644261731, ""MD"": 4.072602660392033}",81.35434061853323,inf
1_1_16_8,ARIMA,null,4.0,"[""sintomas covid"", ""trabajos"", ""carros"", ""reclutamiento"", ""real estate"", ""casas"", ""lag_28"", ""rmean_28_7"", ""rmean_28_28"", ""weekday"", ""weekofyear"", ""month"", ""quarter"", ""year""]","[54.0, 63.0, 72.0, 51.0, 43.0, 43.0, 48.0, 55.0, 41.0, 29.0, 30.0, 38.0]","[-62.08723623776564, -2.841006764671647, 46.17969936196937, -79.52702645974455, -8.48449399118067, -7.6758627152255485, 85.78555071383494, 113.93078277743666, 247.1888489082387, -11.348347625573979, -61.50606071145262, -27.489811689471708]","{""RMSE"": 116.90633130515286, ""MAPE"": Infinity, ""SMAPE"": 1.7848858998614727, ""MAE"": 85.36859551712335, ""MD"": 17.67456426352946}",116.90633130515286,inf
1_1_16_8,ARIMA,null,4.0,"[""sintomas covid"", ""trabajos"", ""carros"", ""reclutamiento"", ""real estate"", ""casas"", ""tenis"", ""lag_28"", ""rmean_28_7"", ""rmean_28_28"", ""weekday"", ""weekofyear"", ""month"", ""quarter"", ""year""]","[54.0, 63.0, 72.0, 51.0, 43.0, 43.0, 48.0, 55.0, 41.0, 29.0, 30.0, 38.0]","[3.818555317192363, -73.45806852802446, 89.61011751247759, 139.13822381682883, 61.113162447188074, -16.06443632282128, 45.26444434486518, 33.52645162581655, -4.86252287255877, -54.08025423371976, 9.477521382227565, -55.20717572925889]","{""RMSE"": 64.9638954307228, ""MAPE"": Infinity, ""SMAPE"": 9.487606857093672, ""MAE"": 51.29791295805702, ""MD"": -3.5536343679490376}",64.9638954307228,inf
1_1_16_8,ARIMA,null,4.0,"[""sintomas covid"", ""trabajos"", ""carros"", ""reclutamiento"", ""real estate"", ""casas"", ""tenis"", ""botas"", ""lag_28"", ""rmean_28_7"", ""rmean_28_28"", ""weekday"", ""weekofyear"", ""month"", ""quarter"", ""year""]","[54.0, 63.0, 72.0, 51.0, 43.0, 43.0, 48.0, 55.0, 41.0, 29.0, 30.0, 38.0]","[27.22385461255965, -28.777608960226075, 26.636098368152147, -23.189377592817777, -55.70824664778718, -96.4426831818995, -28.25350225582895, -76.65013701422083, -126.66096993128247, -173.6724279582262, -102.72555253066764, -173.8881016497029]","{""RMSE"": 130.7383663283764, ""MAPE"": Infinity, ""SMAPE"": 8.03473690281464, ""MAE"": 121.24486415143092, ""MD"": -121.24486415143092}",130.7383663283764,inf
1_1_16_8,ARIMA,null,4.0,"[""sintomas covid"", ""trabajos"", ""carros"", ""reclutamiento"", ""real estate"", ""casas"", ""tenis"", ""botas"", ""sandalias"", ""lag_28"", ""rmean_28_7"", ""rmean_28_28"", ""weekday"", ""weekofyear"", ""month"", ""quarter"", ""year""]","[54.0, 63.0, 72.0, 51.0, 43.0, 43.0, 48.0, 55.0, 41.0, 29.0, 30.0, 38.0]","[25.484387011315107, -29.27339781810167, 26.026910808741945, -22.231626425298032, -53.67542680569329, -93.35490048148074, -24.526323632405706, -72.1339664785877, -122.61968827760882, -169.1651063881685, -96.64898994793054, -169.44938009733903]","{""RMSE"": 128.65155008732364, ""MAPE"": Infinity, ""SMAPE"": 28.041260341169746, ""MAE"": 119.2756627857897, ""MD"": -119.2756627857897}",128.65155008732364,inf
1_1_16_8,ARIMA,null,4.0,"[""sintomas covid"", ""trabajos"", ""carros"", ""reclutamiento"", ""real estate"", ""casas"", ""tenis"", ""botas"", ""sandalias"", ""adidas"", ""lag_28"", ""rmean_28_7"", ""rmean_28_28"", ""weekday"", ""weekofyear"", ""month"", ""quarter"", ""year""]","[54.0, 63.0, 72.0, 51.0, 43.0, 43.0, 48.0, 55.0, 41.0, 29.0, 30.0, 38.0]","[41.34096923580944, -12.002503957193426, 44.7556396739659, -28.24529390502869, -43.60682747996327, -73.40821660967924, -12.867544086011208, -62.593446974061976, -103.05418856785548, -151.12423536164135, -95.7876240306083, -159.90988260082815]","{""RMSE"": 119.12762645978897, ""MAPE"": Infinity, ""SMAPE"": 16.158201606163786, ""MAE"": 109.6299675089627, ""MD"": -109.6299675089627}",119.12762645978897,inf
1_1_16_8,ARIMA,null,4.0,"[""sintomas covid"", ""trabajos"", ""carros"", ""reclutamiento"", ""real estate"", ""casas"", ""tenis"", ""botas"", ""sandalias"", ""adidas"", ""nike"", ""lag_28"", ""rmean_28_7"", ""rmean_28_28"", ""weekday"", ""weekofyear"", ""month"", ""quarter"", ""year""]","[54.0, 63.0, 72.0, 51.0, 43.0, 43.0, 48.0, 55.0, 41.0, 29.0, 30.0, 38.0]","[44.92995086131083, -3.4987741060980966, 49.02295514666872, -30.73766133481007, -39.474724334497694, -69.09227182239596, -9.261460601883698, -56.290211479420066, -93.87493060582386, -147.27772950864932, -94.81913290906999, -156.6802233313287]","{""RMSE"": 114.06723175564262, ""MAPE"": Infinity, ""SMAPE"": 24.082818000303586, ""MAE"": 104.26481328742518, ""MD"": -104.26481328742518}",114.06723175564262,inf
1_1_16_8,ARIMA,null,4.0,"[""sintomas covid"", ""trabajos"", ""carros"", ""reclutamiento"", ""real estate"", ""casas"", ""tenis"", ""botas"", ""sandalias"", ""adidas"", ""nike"", ""converse"", ""lag_28"", ""rmean_28_7"", ""rmean_28_28"", ""weekday"", ""weekofyear"", ""month"", ""quarter"", ""year""]","[54.0, 63.0, 72.0, 51.0, 43.0, 43.0, 48.0, 55.0, 41.0, 29.0, 30.0, 38.0]","[40.86859596791686, -92.25155060141338, -20.478851052899756, -67.68610080750301, -88.68780386566874, -145.63819613540187, -49.9041920938144, -164.10495592048034, -70.371627369892, -104.96583123248644, -231.23101671094997, -225.58938500331357]","{""RMSE"": 157.5128031270484, ""MAPE"": Infinity, ""SMAPE"": 9.75852696468, ""MAE"": 144.55005241688707, ""MD"": -144.55005241688707}",157.5128031270484,inf
1_1_16_8,ARIMA,null,4.0,"[""sintomas covid"", ""trabajos"", ""carros"", ""reclutamiento"", ""real estate"", ""casas"", ""tenis"", ""botas"", ""sandalias"", ""adidas"", ""nike"", ""converse"", ""desempleo"", ""lag_28"", ""rmean_28_7"", ""rmean_28_28"", ""weekday"", ""weekofyear"", ""month"", ""quarter"", ""year""]","[54.0, 63.0, 72.0, 51.0, 43.0, 43.0, 48.0, 55.0, 41.0, 29.0, 30.0, 38.0]","[29.69045829320251, -98.57409907841199, -24.06970818941906, -79.70723508721991, -105.02597825565451, -152.66263688910246, -65.18565644919133, -177.21919033468427, -90.50468840824166, -115.99474665978184, -227.47872650982887, -234.87809772628086]","{""RMSE"": 163.47921307730869, ""MAPE"": Infinity, ""SMAPE"": 79.28233409107634, ""MAE"": 152.39821618381984, ""MD"": -152.39821618381984}",163.47921307730869,inf
